branch_name,batch_id,t1,t2,t3,t4
L1_sample_11_1,1,2.56666666666667,3.06666666666667,5.03333333333333,0.333333333333333
L1_sample_11_2,1,2.49117647058824,2.97647058823529,4.88529411764706,0.647058823529412
L1_sample_15,1,2.6304347826087,3.14285714285714,0.273291925465839,4.95341614906832
L1_sample_7_wt,2,3.21698113207547,4.32389937106918,3.45911949685535,NA
L1_sample_1_wt,2,2.77989130434783,3.73641304347826,4.48369565217391,NA
L1_sample_18_wt,2,3.21698113207547,7.78301886792453,NA,NA
